{"flutter":{"platforms":{"android":{"default":{"projectId":"flutterapp1-c8e90","appId":"1:220189526733:android:29c0ca65f795d39d74b784","fileOutput":"android/app/google-services.json"}},"dart":{"lib/firebase_options.dart":{"projectId":"flutterapp1-c8e90","configurations":{"android":"1:220189526733:android:29c0ca65f795d39d74b784","ios":"1:220189526733:ios:31c73578e21bc1bf74b784","macos":"1:220189526733:ios:31c73578e21bc1bf74b784","web":"1:220189526733:web:e372b48561d3519474b784","windows":"1:220189526733:web:d0be395e494440c074b784"}}}}}}